X,Y,H,E,S2P,phase_angle,HE
71230.234,27212.545,8.3938875,67.5495,729.8603,-0.4438596,0.124262765
71230.234,27213.068,8.375989,82.69727,1061.6155,-0.3154661,0.10128495
71230.234,27213.545,7.68563,71.39895,881.99207,-0.2897448,0.10764346
71230.234,27214.068,9.355222,76.46845,824.17084,-0.48777455,0.12234093
71230.234,27214.545,7.471062,60.792736,673.39075,-0.5478703,0.122894
71230.234,27215.068,1.3858013,15.390433,266.14896,-0.12194527,0.09004303
71230.234,27215.545,6.2526975,85.78045,1522.2985,1.2361308,0.07289187
71230.234,27216.068,7.171956,86.99453,1360.6848,1.7536505,0.08244146
71230.234,27216.545,5.7466555,53.56723,688.9418,8.8676605,0.10727931
71230.234,27217.068,6.917834,60.707603,724.4532,-0.01210902,0.11395334
71230.234,27217.545,9.523178,78.40673,847.8877,-0.52589655,0.12145868
71230.234,27218.068,9.761659,78.48939,829.0915,-0.3323611,0.12436915
71230.234,27218.545,4.405898,43.632755,609.5255,-0.07505466,0.10097685
71230.234,27219.068,11.45243,123.84786,1614.8594,-0.1814668,0.09247176
71230.234,27219.545,6.3087177,78.96375,1294.4598,6.8166494,0.07989384
71230.234,27220.068,6.3220115,54.631416,650.51,9.215907,0.11572117
71230.234,27220.545,6.808052,70.64724,975.6291,0.42989329,0.09636685
71230.234,27221.068,8.971969,75.60876,841.2031,-0.3896559,0.11866309
71230.234,27221.545,8.975233,75.50371,838.7552,-0.7490641,0.11887142
71230.234,27222.068,9.583921,73.752304,753.1897,-0.5431936,0.12994742
71230.234,27222.545,2.5744648,33.896446,647.2802,0.3636705,0.075950876
71230.234,27223.068,9.819421,117.117256,1704.4,-0.119021185,0.08384265
71230.234,27223.545,4.8963947,46.98128,631.05164,8.346476,0.10422012
71230.234,27224.068,7.0232644,67.8037,876.4261,0.3350289,0.103582315
71230.234,27224.545,8.902507,74.83703,831.83875,-0.29955608,0.118958585
71230.234,27225.07,9.669739,78.38095,834.72845,-0.4549559,0.12336848
71230.234,27225.545,4.337629,43.229828,608.3038,-0.057882242,0.100338794
71230.234,27226.07,12.6356735,131.06644,1618.824,0.29030648,0.09640663
71230.234,27226.545,14.321235,200.56985,2977.514,0.24293926,0.07140273
71230.234,27227.07,6.9651856,66.06184,841.98566,11.855146,0.105434336
71229.71,27227.07,1.2761303,21.72586,397.67715,2.0821385,0.058737848
71229.71,27226.545,11.779985,100.424416,992.2119,-0.21315534,0.11730201
71229.71,27226.07,9.024824,100.00309,1286.7891,-0.08610856,0.090245456
71229.71,27225.545,7.026813,79.5994,1072.6194,3.120276,0.088277206
71229.71,27225.07,8.993344,79.52374,836.8261,-0.033476803,0.11309005
71229.71,27224.545,7.086238,64.80072,715.82385,-0.29783952,0.10935431
71229.71,27224.068,3.2946334,29.218573,308.08234,10.238294,0.11275819
71229.71,27223.545,4.6044664,67.28089,1166.8998,-0.12303246,0.068436466
71229.71,27223.068,8.549252,90.47519,1125.9745,0.7824961,0.09449277
71229.71,27222.545,8.068655,93.383644,1264.5803,0.73158455,0.0864033
71229.71,27222.068,8.239643,72.33875,761.3489,-0.22274342,0.11390358
71229.71,27221.545,10.761504,83.81925,769.854,-0.55801827,0.1283894
71229.71,27221.068,1.3806328,16.182373,204.5943,1.2964067,0.085317075
71229.71,27220.545,5.0592256,65.55148,1017.802,-0.15706068,0.077179424
71229.71,27220.068,10.954823,101.902176,1098.2555,-0.18903363,0.107503325
71229.71,27219.545,7.6484356,92.59763,1311.3616,3.1014092,0.082598604
71229.71,27219.068,8.487888,84.67729,1000.67334,-0.10688781,0.10023807
71229.71,27218.545,7.9043922,69.64491,737.58136,-0.37713698,0.11349562
71229.71,27218.068,5.817532,55.564972,645.2693,-0.39987123,0.10469783
71229.71,27217.545,3.0622003,38.593277,584.27405,1.0739303,0.079345435
71229.71,27217.068,9.452481,88.23629,971.1775,-0.4658294,0.107126914
71229.71,27216.545,0.65018475,13.207579,240.2338,4.1185966,0.049228158
71229.71,27216.068,10.208107,109.757515,1353.1897,-0.44832727,0.09300599
71229.71,27215.545,8.381231,73.03423,762.2862,-0.34967217,0.114757575
71229.71,27215.068,8.215222,70.0615,717.2598,-0.6314805,0.1172573
71229.71,27214.068,11.438983,93.94443,900.6809,-0.24293743,0.1217633
71229.71,27213.545,7.3412323,94.50688,1416.831,1.8238456,0.07767934
71229.71,27213.068,7.6200457,92.42885,1311.6401,1.6969134,0.08244228
71229.71,27212.545,8.091327,72.38414,776.5754,-0.50303286,0.11178315
71229.234,27212.545,9.376994,78.295586,930.3469,-0.72715557,0.11976402
71229.234,27213.068,5.8066487,51.441532,700.2528,-0.24533723,0.11287861
71229.234,27213.545,8.204691,115.053635,2099.5042,0.23444499,0.071311876
71229.234,27214.068,7.1132336,102.02736,1962.7645,8.544922,0.06971888
71229.234,27214.545,6.2080345,55.63059,754.3233,0.96885633,0.1115939
71229.234,27215.068,8.055603,98.75884,1626.6477,1.2687197,0.08156842
71229.234,27215.545,7.201765,75.00861,1110.8751,-0.6079502,0.09601251
71229.234,27216.068,9.064942,74.35917,878.28033,-0.6384866,0.121907525
71229.234,27216.545,5.3524227,47.083908,647.3728,0.013392381,0.11367839
71229.234,27217.068,6.7737036,85.84672,1508.5835,3.0747967,0.07890463
71229.234,27217.545,12.526011,171.11786,2722.9946,1.2874336,0.073201075
71229.234,27218.068,7.94157,86.44437,1299.681,2.8342612,0.091869146
71229.234,27218.545,7.5621285,84.2283,1302.791,-0.0130449375,0.08978132
71229.234,27219.068,9.08538,76.380356,917.9519,-0.39522076,0.11894917
71229.234,27219.545,6.0399714,53.483185,722.45654,-0.3453932,0.11293215
71229.234,27220.068,4.374297,70.33694,1670.9641,3.1398163,0.06219061
71229.234,27220.545,6.5184455,93.310905,1829.0769,6.7191415,0.06985728
71229.234,27221.068,1.1862775,12.629262,310.43985,5.5980325,0.09393086
71229.234,27221.545,5.3914175,57.209934,909.0103,0.76487356,0.09423918
71229.234,27222.068,8.173696,67.83791,824.8115,-0.38822332,0.12048861
71229.234,27222.545,7.109291,61.64982,795.1607,-0.25491694,0.11531731
71229.234,27223.068,3.431333,33.709183,548.6541,0.40608245,0.10179224
71229.234,27223.545,7.4700804,103.71712,1920.7975,0.8283716,0.0720236
71229.234,27224.068,2.8941996,37.66309,809.9788,5.543592,0.076844454
71229.234,27224.545,8.4613085,94.181274,1421.8429,0.62686694,0.089840665
71229.234,27225.07,9.217087,75.120865,880.2078,-0.55369014,0.12269676
71229.234,27225.545,8.379402,64.97944,749.04297,-0.246478,0.12895466
71229.234,27226.07,0.8942132,8.632099,527.22766,55.650047,0.10359163
71229.234,27226.545,0.9940802,11.31159,-321.7808,13.433826,0.08788156
71229.234,27227.07,2.3284419,18.177204,278.13095,-0.014314382,0.1280968
71228.71,27226.545,8.139836,145.77922,2831.5015,0.17566459,0.05583674
71228.71,27226.07,8.424724,168.88774,3533.231,0.47368923,0.04988357
71228.71,27225.545,0.2739581,45.085583,3311.1938,9.199922,0.006076401
71228.71,27225.07,13.482985,135.36696,1520.1813,-0.3361914,0.09960321
71228.71,27224.545,2.2601452,33.44684,601.79474,1.0547162,0.067574255
71228.71,27224.068,1.3538826,22.891123,445.12143,0.4025712,0.059144437
71228.71,27222.545,9.845692,81.51602,814.3489,-0.13212454,0.120782286
71228.71,27222.068,8.622865,76.970604,835.281,-0.4316687,0.112028025
71228.71,27221.068,2.3162289,31.659147,530.1399,0.5416463,0.073161446
71228.71,27220.545,1.2417922,36.886898,1142.8373,0.8925352,0.03366486
71228.71,27220.068,1.7785766,60.125366,2147.774,1.9222114,0.029581135
71228.71,27219.068,8.9074745,76.35843,795.797,-0.36809748,0.11665346
71228.71,27218.545,6.21996,61.006226,741.5688,-0.18100394,0.10195616
71228.71,27218.068,0.7023543,4.9410095,18.27501,1.9284797,0.14214794
71228.71,27217.545,6.2039413,71.86467,1016.4337,0.16823292,0.08632811
71228.71,27217.068,8.930706,99.74116,1312.3342,-0.20493641,0.08953883
71228.71,27216.545,7.723721,89.38052,1235.2543,3.8575213,0.08641391
71228.71,27216.068,8.818203,93.52118,1179.5393,0.5640383,0.09429097
71228.71,27215.545,7.840442,74.80738,870.65796,-0.5082492,0.104808405
71228.71,27215.068,7.313914,81.64764,1100.5833,-0.15612645,0.089579
71228.71,27214.545,0.1956737,16.007729,602.9492,0.36094,0.012223702
71228.71,27214.068,12.344005,109.68293,1131.8329,-0.5108335,0.11254262
71228.71,27213.545,7.7471576,99.28674,1494.8448,1.0658363,0.07802812
71228.71,27213.068,6.0856595,82.83983,1349.9033,5.8629785,0.07346296
71228.71,27212.545,8.096489,79.99468,957.746,0.0151847135,0.10121284
71228.234,27212.545,8.160648,71.37766,918.8311,-0.32024178,0.11433056
71228.234,27213.068,5.008335,46.3445,699.44025,0.30672064,0.10806751
71228.234,27213.545,9.762025,139.4867,2543.9421,0.9407334,0.069985345
71228.234,27214.068,1.4903651,14.063426,434.6801,3.4951377,0.10597454
71228.234,27214.545,6.247707,47.4792,579.3941,9.811938,0.1315883
71228.234,27215.068,8.228925,74.075516,974.1925,0.3520047,0.11108832
71228.234,27215.545,7.5330606,66.97492,889.44934,-0.2743712,0.11247584
71228.234,27216.068,9.141451,84.794655,1115.2494,0.49511823,0.10780692
71228.234,27216.545,2.8733444,60.962982,2522.498,3.5385318,0.047132608
71228.234,27217.068,6.847286,77.40712,1285.8926,9.43923,0.08845809
71228.234,27217.545,5.622089,51.790012,757.2934,0.33593267,0.108555466
71228.234,27218.068,6.3481746,99.70465,2244.2285,5.5376754,0.06366979
71228.234,27218.545,16.420336,140.40044,1496.588,-0.5778336,0.1169536
71228.234,27219.068,7.306184,106.95497,2173.0325,0.2419398,0.06831084
71228.234,27219.545,4.75608,46.417355,743.3329,0.65926695,0.1024634
71228.234,27220.068,6.8374577,92.12632,1778.9824,5.627765,0.07421829
71228.234,27220.545,10.457231,81.693665,910.42303,0.3624164,0.1280054
71228.234,27221.068,7.9240623,76.57991,1076.5948,2.1772668,0.10347442
71228.234,27221.545,7.1463995,77.55121,1231.1135,-0.31396908,0.09215072
71228.234,27222.068,9.679682,108.14081,1628.2253,-0.29713136,0.08950998
71228.234,27222.545,2.4484122,26.933035,611.5865,1.6095512,0.0909074
71228.234,27223.068,2.7032034,68.43459,3525.0828,4.5546865,0.039500542
71228.234,27223.545,7.0603366,127.17811,3100.5107,1.8218155,0.055515345
71228.234,27224.068,4.065632,49.861385,1028.7023,1.7435378,0.081538685
71228.234,27224.545,7.3126783,73.63441,1091.4572,-0.018971898,0.099310614
71228.234,27225.07,5.5812893,71.41962,1395.4,0.28196213,0.07814784
71228.234,27225.545,3.9026453,44.87141,882.47473,2.4721463,0.08697399
71228.234,27226.07,5.464284,100.79131,2740.5442,4.8336163,0.054213837
71228.234,27226.545,1.6432209,24.549059,1208.6984,-0.6033216,0.06693621
71228.234,27227.07,3.0836914,25.052408,387.41577,10.038816,0.12308962
71227.71,27227.07,7.855049,144.27098,2601.5112,2.9156044,0.054446496
71227.71,27226.545,2.7958934,49.387894,851.9205,-0.007133513,0.056610905
71227.71,27226.07,9.251959,102.34879,1186.2949,-0.09552281,0.09039637
71227.71,27225.545,7.003701,94.41321,1334.3857,2.4786239,0.07418137
71227.71,27224.068,16.541283,150.95468,1363.9446,-0.09031154,0.109577805
71227.71,27223.068,2.1318986,54.046856,1221.5664,-0.31271642,0.039445378
71227.71,27222.545,6.150839,100.548836,1689.567,1.0151412,0.061172653
71227.71,27222.068,7.3228397,84.07411,1020.3217,0.123089515,0.08709982
71227.71,27221.545,5.6400414,59.198483,647.5414,-0.10392696,0.09527341
71227.71,27221.068,6.86392,88.37361,1198.495,0.60290265,0.077669345
71227.71,27220.545,3.4236252,32.279713,274.15604,0.4135849,0.106061205
71227.71,27220.068,11.508789,81.53315,576.042,-0.38974717,0.14115472
71227.71,27219.545,7.0087233,92.41281,1280.1532,1.0374749,0.07584147
71227.71,27219.068,7.2271414,96.68269,1355.1266,2.009503,0.07475114
71227.71,27218.545,6.5627117,61.672657,600.11926,-0.23381683,0.106412016
71227.71,27218.068,12.751568,110.2628,977.967,-0.65683436,0.11564705
71227.71,27217.545,3.9217527,39.323517,382.6165,0.32537556,0.09973047
71227.71,27217.068,4.051533,45.505627,516.41925,0.077839576,0.08903368
71227.71,27216.545,5.828732,77.750626,1091.7512,1.3151064,0.07496701
71227.71,27216.068,5.7873583,75.42839,1035.8754,3.140427,0.076726526
71227.71,27215.068,5.7343607,65.7229,792.7994,-0.23887053,0.087250575
71227.71,27214.068,1.1986085,37.172028,858.86786,-0.07096308,0.032244906
71227.71,27213.068,4.512725,67.42939,1045.2736,3.6554625,0.06692519
71227.234,27212.545,8.417394,80.95236,990.04785,-0.34577322,0.103979595
71227.234,27213.068,3.638736,36.263256,444.22916,0.14486945,0.10034223
71227.234,27213.545,8.249154,112.77805,1978.4761,4.0241632,0.07314503
71227.234,27214.068,2.6926289,29.267351,624.3045,11.69772,0.09200111
71227.234,27214.545,3.0005481,36.974148,706.01306,7.46185,0.081152596
71227.234,27215.068,9.396154,98.532974,1299.0538,0.2756841,0.09536051
71227.234,27215.545,7.870079,121.10829,2428.7922,9.115844,0.064983815
71227.234,27217.068,2.8392508,35.76524,797.1706,3.317321,0.079385765
71227.234,27218.545,4.084689,69.737495,2018.0621,-0.03753553,0.058572352
71227.234,27219.068,5.7998376,73.234276,1239.9509,0.053407364,0.07919567
71227.234,27219.545,3.208896,48.989216,1453.5656,9.78709,0.065502085
71227.234,27220.068,5.128454,99.63065,3035.5383,1.7807053,0.05147466
71227.234,27220.545,9.90282,101.08737,1291.7985,3.3889692,0.097962976
71227.234,27221.545,8.959825,93.762375,1239.5094,-0.026678625,0.09555885
71227.234,27222.068,9.672946,88.640915,1027.2897,-0.02545799,0.10912507
71227.234,27222.545,5.1724257,57.947186,849.4167,0.31529838,0.08926103
71227.234,27223.068,9.907526,145.95258,2643.2625,0.9791887,0.067881815
71227.234,27223.545,6.671826,57.43744,634.2976,0.5979773,0.116158135
71227.234,27224.068,3.2968621,32.2818,379.7341,0.37752116,0.10212758
71227.234,27224.545,10.889003,97.724434,1100.8351,0.9790172,0.11142559
71227.234,27225.07,6.3805146,62.712704,789.08887,4.834773,0.10174198
71227.234,27225.545,3.7338223,50.20173,1015.3897,7.308035,0.07437637
71227.234,27226.07,4.9058666,55.27583,816.9755,5.2376103,0.08875247
71227.234,27226.545,2.6488454,28.737778,431.6172,21.927105,0.092172936
71227.234,27227.07,2.5556664,27.03349,431.45758,11.4032755,0.09453706
71226.71,27226.545,0.69246185,10.764907,444.7319,0.66992986,0.064325854
71226.71,27225.07,9.825555,229.07916,5060.0957,1.1479512,0.042891525
71226.71,27224.545,8.350479,147.82413,2954.3828,1.2690377,0.056489285
71226.71,27224.068,4.7173166,64.54121,1294.5466,0.9703871,0.073089994
71226.71,27223.545,5.752849,57.361122,911.4304,1.201772,0.10029178
71226.71,27223.068,7.422373,74.45951,1096.704,-0.039708216,0.099683344
71226.71,27222.545,9.714728,110.70416,1627.8386,0.06763283,0.08775396
71226.71,27222.068,7.0198317,91.59436,1606.2183,2.9007668,0.076640435
71226.71,27221.545,8.59547,72.14492,906.48364,-0.025544154,0.11914173
71226.71,27221.068,9.182272,69.379166,795.5196,-0.5807573,0.13234913
71226.71,27220.545,6.4968786,67.99945,1070.0953,0.033809032,0.0955431
71226.71,27219.545,1.0385014,29.97131,1111.193,1.2160093,0.03464985
71226.71,27218.545,6.4109507,67.77905,1077.3304,0.51742494,0.094586015
71226.71,27218.068,8.687005,66.03409,774.43353,-0.19791003,0.13155334
71226.71,27217.545,5.471038,47.885307,718.66425,-0.0013221483,0.114252955
71226.71,27217.068,2.5299559,29.698814,675.10547,4.1019616,0.0851871
71226.71,27216.068,11.345689,134.61884,1935.0858,0.22735901,0.084280096
71226.71,27215.545,10.406012,165.82234,2919.5874,0.34620234,0.062753975
71226.71,27215.068,20.166695,196.93587,2055.6992,-0.20839165,0.102402344
71226.71,27214.068,0.7036525,18.107174,721.9424,2.6996174,0.038860425
71226.71,27213.545,12.641507,68.139595,546.4899,-0.31686133,0.18552366
71226.71,27212.545,4.9683084,67.53716,1331.3129,5.3979616,0.07356407
71226.234,27212.545,4.6047373,58.32956,763.3918,0.0036317576,0.07894346
71226.234,27213.068,11.751738,153.47823,2135.7295,-0.03920284,0.076569416
71226.234,27213.545,7.405922,112.169975,1886.874,7.844928,0.0660241
71226.234,27214.068,9.309935,91.47679,977.4758,4.7097344,0.10177373
71226.234,27214.545,9.038166,122.114136,1805.503,1.1660863,0.07401408
71226.234,27215.068,6.942473,80.934814,1020.5695,-0.29333857,0.08577857
71226.234,27215.545,5.9132276,72.04821,939.6023,-0.044342488,0.082073204
71226.234,27216.068,3.3711944,40.55891,442.55615,-0.027317954,0.08311846
71226.234,27216.545,6.823696,95.36111,1473.2355,8.567994,0.07155639
71226.234,27217.068,5.3526096,60.155373,697.4471,1.0146227,0.08897974
71226.234,27217.545,9.133019,121.70366,1773.6461,1.7000146,0.0750431
71226.234,27218.068,4.6625376,64.91407,965.92224,-0.42680192,0.0718263
71226.234,27218.545,6.252848,71.888824,881.3799,-0.0030307644,0.08697942
71226.234,27219.068,1.4026812,78.7484,20027.57,1.2878436,0.017812187
71226.234,27219.545,6.467761,91.37066,1427.3875,10.301393,0.07078598
71226.234,27220.068,4.9457364,63.79123,867.95435,3.8419945,0.07753004
71226.234,27220.545,8.961494,104.41371,1329.4337,1.4428982,0.0858268
71226.234,27221.068,12.797449,108.78573,1011.49316,-0.30012438,0.11763904
71226.234,27221.545,8.470349,87.99849,992.1114,-0.44337755,0.09625562
71226.234,27222.068,4.8099256,56.515465,676.41345,-0.08733391,0.08510813
71226.234,27222.545,10.706134,131.89053,1758.6818,0.08883288,0.08117439
71226.234,27223.068,1.2231092,24.168842,877.6359,32.110348,0.05060686
71226.234,27223.545,2.5185564,61.61326,2000.0225,1.0390373,0.040876858
71226.234,27224.068,4.0647407,65.48827,1161.8536,1.2033193,0.06206822
71226.234,27224.545,7.849297,108.79099,1663.2001,7.237522,0.072150245
71226.234,27225.07,5.727898,61.219585,676.77716,0.34286246,0.09356316
71226.234,27225.545,1.2331543,24.747654,910.8021,12.88234,0.04982914
71226.234,27226.07,1.7493984,28.467539,374.08084,1.9102178,0.061452392
71226.234,27226.545,2.958621,72.67102,2316.4653,5.6201577,0.040712528
71226.234,27227.07,6.817827,77.50818,947.9997,-0.15829872,0.08796268
71225.71,27227.07,5.390733,43.301468,634.5241,-0.5759305,0.12449307
71225.71,27226.545,5.949325,71.757744,1322.6864,0.9351329,0.082908474
71225.71,27226.07,2.268349,32.651535,928.7525,0.6784056,0.069471434
71225.71,27225.545,9.102282,68.21795,788.1078,-0.13188893,0.13342942
71225.71,27225.07,10.146213,114.19011,1697.9333,0.68889064,0.08885369
71225.71,27224.545,7.3719177,80.24776,1291.2604,0.0018063744,0.091864474
71225.71,27224.068,7.049353,146.71498,3631.5056,2.8597126,0.048047945
71225.71,27223.545,3.6484501,43.038662,924.18756,4.762063,0.08477146
71225.71,27222.068,5.0398917,73.7387,1617.8119,2.1930816,0.06834798
71225.71,27221.068,8.922368,68.35339,807.9106,-0.11191581,0.13053292
71225.71,27220.545,11.30169,83.05857,881.1739,-0.190954,0.13606893
71225.71,27220.068,1.8577325,26.451641,813.1657,3.6318073,0.070231274
71225.71,27219.545,10.83807,87.0517,999.9648,-0.109393194,0.124501534
71225.71,27219.068,8.344189,102.11675,1709.167,0.377428,0.08171224
71225.71,27218.545,6.6362886,79.21051,1400.9203,7.3413663,0.08378041
71225.71,27218.068,8.476058,79.72966,1109.938,0.20564939,0.10630997
71225.71,27217.545,9.021072,66.79095,766.96844,-0.62559974,0.1350643
71225.71,27217.068,2.1555083,21.474632,540.4318,1.663654,0.10037463
71225.71,27216.545,4.1463747,52.921112,1136.5784,-0.17742644,0.078350104
71225.71,27216.068,9.18381,97.86011,1447.3961,0.13245562,0.09384631
71225.71,27215.545,5.657323,76.15467,1530.218,3.4266827,0.07428727
71225.71,27215.068,7.6604557,82.15379,1292.7548,0.7227943,0.093245305
71225.71,27214.545,1.1728284,43.066467,2218.4233,0.4778624,0.027232984
71225.71,27214.068,2.8351343,27.577637,596.87823,0.29347336,0.102805555
71225.71,27213.545,3.0656204,44.76366,1148.9031,0.10945148,0.06848458
71225.234,27212.545,4.7917485,56.208805,757.4058,-0.17955822,0.085249074
71225.234,27213.068,6.8194714,137.36742,3085.322,-0.034536887,0.049644023
71225.234,27213.545,2.375132,43.570396,859.3017,0.77217066,0.05451252
71225.234,27214.068,5.500172,75.47097,1194.3378,10.824222,0.07287798
71225.234,27214.545,14.011714,146.42764,1710.9255,0.26899222,0.09569036
71225.234,27215.068,7.6272554,86.824,1155.4174,-0.033582263,0.08784732
71225.234,27215.545,3.3637502,47.3383,732.2155,0.24111226,0.07105769
71225.234,27216.068,6.372986,109.68633,2150.843,7.6131415,0.058101915
71225.234,27216.545,6.881174,134.78094,2948.9827,3.6587915,0.051054504
71225.234,27217.068,1.0354728,30.038963,1038.1357,4.652847,0.034470987
71225.234,27217.545,6.9863076,78.84698,1042.529,-0.08582273,0.0886059
71225.234,27218.068,5.9531674,77.846855,1178.0221,0.028879808,0.076472804
71225.234,27218.545,5.7235427,67.03624,913.0206,0.582844,0.08537983
71225.234,27219.068,6.6862435,113.35053,2183.0115,6.6323276,0.058987316
71225.234,27219.545,8.712154,156.09047,3044.5923,3.080614,0.055814777
71225.234,27220.068,2.7432804,36.09056,497.74103,1.501322,0.076011024
71225.234,27220.545,7.2023177,79.41578,1028.4004,3.394161,0.09069127
71225.234,27221.068,5.5541997,68.31087,972.9208,-0.17292556,0.0813077
71225.234,27221.545,5.9296875,74.62054,1088.6918,-0.00345767,0.079464555
71225.234,27222.068,1.9104596,28.6336,407.5661,0.077236675,0.0667209
71225.234,27222.545,0.6902219,16.325914,258.42548,75.175575,0.042277686
71225.234,27223.068,0.69879466,18.985376,661.3809,42.558624,0.036806997
71225.234,27223.545,0.8943408,18.358334,262.6132,12.551,0.048715796
71225.234,27224.068,3.091865,47.89767,812.3105,1.5916009,0.06455147
71225.234,27224.545,6.6331053,78.20172,1075.5522,0.8359984,0.08482045
71225.234,27225.07,1.8454343,33.884483,621.256,1.4746147,0.05446252
71225.234,27225.545,1.4348,26.616955,443.90652,1.7655072,0.05390549
71225.234,27226.07,0.8063755,19.563988,390.91772,17.893616,0.04121734
71225.234,27226.545,0.83013654,24.566954,929.98804,10.358181,0.033790782
71225.234,27227.07,9.203077,97.23185,1203.3829,-0.43958566,0.09465085
71224.71,27227.07,7.1433225,53.31876,507.45276,-0.47038722,0.13397391
71224.71,27226.545,7.835517,70.51703,815.74884,-0.5341828,0.11111525
71224.71,27226.07,1.0537891,21.254196,771.4995,0.4378588,0.049580287
71224.71,27225.545,5.707016,53.912846,692.966,0.09466054,0.10585633
71224.71,27225.07,5.3599286,75.14654,1415.1836,0.9747755,0.07132635
71224.71,27224.545,5.0659666,74.0557,1462.3473,1.7086579,0.06840751
71224.71,27224.068,2.3187306,28.261753,565.3221,0.75408375,0.082044825
71224.71,27223.545,1.636306,21.561771,509.13318,0.35946164,0.07588922
71224.71,27223.068,0.14676271,11.748466,1046.3651,3.535331,0.012492076
71224.71,27222.068,9.150684,98.50916,1312.3271,0.50598216,0.09289171
71224.71,27221.068,8.223517,79.62747,982.2526,0.39319268,0.103274874
71224.71,27220.545,4.004607,59.57986,1254.7318,-0.21453096,0.06721411
71224.71,27220.068,5.086396,63.05527,1077.747,0.674391,0.08066568
71224.71,27219.545,3.6199114,50.94404,1044.9858,-0.06256128,0.07105663
71224.71,27219.068,11.19754,99.08364,1054.8894,0.010419181,0.11301099
71224.71,27218.545,8.988649,106.74248,1555.6345,1.0554689,0.08420874
71224.71,27218.068,8.99312,104.95093,1506.6688,1.5701748,0.085688815
71224.71,27217.545,8.658608,74.15789,801.096,-0.16544253,0.1167591
71224.71,27217.068,7.9178343,71.50633,828.63495,-0.23654659,0.110729136
71224.71,27216.545,0.8524422,6.5902104,139.54033,4.8489127,0.12934977
71224.71,27216.068,14.641124,100.06461,779.5033,-0.11006446,0.14631669
71224.71,27215.545,11.383702,143.13417,2059.4573,0.06429961,0.07953169
71224.71,27215.068,10.6746855,147.64491,2329.2659,0.20921792,0.07229972
71224.71,27214.545,4.671878,73.94295,1587.199,0.452726,0.0631822
71224.71,27214.068,8.328107,87.65401,1167.0677,-0.043433826,0.09501114
71224.71,27213.068,4.443028,64.98856,1320.0259,-0.04633205,0.068366304
71224.71,27212.545,7.417167,116.61033,2239.14,0.31504917,0.06360643
71224.234,27212.545,5.1015224,55.55987,784.54926,-0.049961023,0.09182027
71224.234,27213.068,4.1981936,100.15483,3335.3699,1.9136013,0.041917033
71224.234,27213.545,7.0787225,95.28884,1616.1774,0.52774006,0.074287005
71224.234,27214.068,9.329335,123.45819,1972.7301,0.9013233,0.07556676
71224.234,27214.545,11.757783,109.23397,1246.4799,-0.27420247,0.10763852
71224.234,27215.068,5.8806357,63.905758,896.10516,-0.15231302,0.09202044
71224.234,27216.068,7.198767,103.71283,1870.285,8.479648,0.06941058
71224.234,27216.545,1.7377781,19.25074,252.5929,1.768923,0.09027071
71224.234,27217.068,6.1810665,86.65941,1555.8815,5.9553866,0.07132597
71224.234,27217.545,12.826405,106.755394,1101.1316,-0.38555682,0.1201476
71224.234,27218.068,7.5168996,75.51766,968.8871,-0.20821567,0.0995383
71224.234,27218.545,2.933788,33.351994,486.9214,0.21372186,0.0879644
71224.234,27219.068,4.8525395,92.69605,2365.3853,6.0011797,0.052348934
71224.234,27219.545,4.43122,49.10269,706.90283,0.85560334,0.090243936
71224.234,27220.068,3.4843383,32.288815,384.73715,3.4098647,0.10791162
71224.234,27221.068,10.0363245,92.32779,1066.9795,-0.2730635,0.10870318
71224.234,27221.545,3.4820728,45.509293,788.7053,0.017048499,0.07651345
71224.234,27222.068,7.8199687,123.57881,2389.3313,5.691129,0.063279204
71224.234,27222.545,10.376926,146.20522,2410.0522,5.9524226,0.07097508
71224.234,27223.068,6.1737466,67.23147,942.3086,0.88583934,0.09182823
71224.234,27224.068,3.4569106,49.433315,954.6167,0.44018605,0.069930784
71224.234,27224.545,1.498468,21.44992,470.07373,4.46731,0.06985891
71224.234,27225.07,7.578539,128.44722,2661.6187,3.1647553,0.05900119
71224.234,27225.545,2.8445146,25.118195,283.1367,1.1484479,0.11324519
71224.234,27226.07,3.6224904,58.494854,1301.0206,0.69303197,0.06192836
71224.234,27226.545,6.54544,69.79456,955.42737,-0.1341501,0.093781516
71224.234,27227.07,8.019145,79.2123,995.763,-0.28127372,0.101236105
71223.71,27227.07,6.980618,56.70214,692.56525,-0.3625307,0.12311031
71223.71,27226.545,9.916073,75.50908,806.6884,-0.3629279,0.13132292
71223.71,27226.07,6.7487044,74.31637,1119.7191,0.7835813,0.09081047
71223.71,27225.545,3.3719685,60.48343,1398.1497,0.570825,0.055750288
71223.71,27225.07,8.655587,86.70151,1158.1229,-0.24312095,0.09983203
71223.71,27223.068,0.96069455,23.960428,738.7851,0.23755266,0.04009505
71223.71,27222.545,8.559448,84.95667,1130.8367,-0.26579186,0.100750744
71223.71,27222.068,6.785808,89.23719,1507.124,1.9254984,0.07604238
71223.71,27221.545,7.084514,87.99935,1419.0853,0.96572477,0.08050644
71223.71,27221.068,8.836253,75.19265,894.01196,-0.38389426,0.117514856
71223.71,27220.545,6.531567,74.18142,1148.681,0.043197446,0.08804856
71223.71,27220.068,2.8973973,40.447163,833.74994,1.0037483,0.07163413
71223.71,27219.545,9.372397,83.28495,1005.5562,-0.2284972,0.112534106
71223.71,27219.068,4.5817976,68.88433,1365.7979,1.6494921,0.066514365
71223.71,27218.545,5.4915166,75.039406,1355.7804,4.3550563,0.07318177
71223.71,27218.068,7.367213,78.86764,1143.6093,0.6427421,0.09341237
71223.71,27217.545,8.103235,74.014435,943.5678,-0.3088611,0.10948183
71223.71,27217.068,0.8724692,10.674283,296.2802,1.019508,0.081735626
71223.71,27216.545,1.5468514,29.350279,774.143,0.47785544,0.052703124
71223.71,27216.068,7.9954753,96.5975,1488.9915,0.033067763,0.08277103
71223.71,27215.545,6.418283,90.538414,1618.299,3.5212228,0.070890166
71223.71,27215.068,6.7229466,83.59183,1364.2021,0.9651125,0.08042588
71223.71,27214.545,9.884703,81.3144,918.1827,-0.2500546,0.12156153
71223.71,27214.068,6.0898724,87.0893,1587.03,0.073342375,0.06992675
71223.71,27213.545,1.4010367,18.743795,447.9836,0.8725063,0.07474669
71223.71,27213.068,12.129754,90.35676,902.12933,-0.2342354,0.1342429
71223.71,27212.545,7.171945,102.985214,1819.1642,1.3612022,0.06964053
71223.234,27212.545,5.2526236,56.90081,703.17096,0.095978126,0.092311926
71223.234,27213.068,12.732612,154.29042,2052.5884,0.009169662,0.08252367
71223.234,27213.545,6.7246213,75.53342,989.01416,3.8494,0.089028426
71223.234,27214.068,6.8002234,79.76992,1097.8748,5.966325,0.08524796
71223.234,27214.545,11.726726,98.87317,942.6247,-0.22447842,0.11860372
71223.234,27215.068,9.224946,83.27647,856.075,-0.31688157,0.11077495
71223.234,27215.545,4.5860806,50.692078,633.0664,-0.0050366763,0.090469375
71223.234,27216.068,7.5807567,111.52069,1942.5073,7.718863,0.06797624
71223.234,27216.545,7.5000453,123.70918,2420.1384,3.6454675,0.060626425
71223.234,27217.068,1.3579983,16.725925,190.60992,26.981329,0.08119122
71223.234,27217.545,2.2917545,43.10635,1228.5374,1.9132196,0.053165127
71223.234,27218.068,1.6371661,28.275003,848.3611,1.8945938,0.057901535
71223.234,27218.545,3.3306944,42.873775,640.67804,-0.09619504,0.07768606
71223.234,27219.068,9.422918,137.50037,2292.8345,0.9039747,0.068530135
71223.234,27219.545,7.7193227,124.61847,2374.4858,3.9545386,0.06194365
71223.234,27220.068,6.8346043,72.241936,881.535,0.29468158,0.09460716
71223.234,27220.545,7.568859,76.39218,886.21246,-0.10053171,0.099078976
71223.234,27221.068,7.4985137,70.95597,764.16833,-0.22946905,0.1056784
71223.234,27221.545,6.165047,63.721542,752.82996,0.09801362,0.09674981
71223.234,27222.068,7.9797516,108.46784,1731.4093,3.9694932,0.073567905
71223.234,27222.545,6.828359,100.01359,1757.6173,11.521038,0.06827431
71223.234,27223.068,1.6366838,21.677706,307.8773,3.6409159,0.07550079
71223.234,27223.545,3.9580605,50.012314,740.7717,11.385523,0.07914172
71223.234,27224.068,1.4622037,20.748287,404.26846,6.8806267,0.07047347
71223.234,27224.545,1.6711397,29.62094,922.62885,0.8859131,0.056417514
71223.234,27225.07,7.340683,92.12491,1362.4822,4.4707785,0.07968185
71223.234,27225.545,11.888416,175.10902,2797.619,2.049315,0.06789151
71223.234,27226.07,1.7485968,24.020254,377.95874,1.4686513,0.07279676
71223.234,27226.545,10.193762,103.40504,1197.5137,0.090462185,0.098580904
71223.234,27227.07,8.757158,83.76209,916.73267,-0.47684303,0.104547985
71222.71,27227.07,6.554738,56.41739,735.4484,-0.49963644,0.11618294
71222.71,27226.545,9.499696,75.28364,843.46204,-0.62041533,0.1261854
71222.71,27226.07,0.32817024,27.119835,1392.6044,1.5861567,0.012100746
71222.71,27224.068,8.158111,93.18848,1400.9241,0.502197,0.0875442
71222.71,27223.545,4.115416,53.928207,1032.1947,0.12402744,0.07631286
71222.71,27223.068,3.8638813,37.53439,606.26447,1.6133897,0.10294243
71222.71,27222.545,5.80147,69.70565,1172.165,-0.5947019,0.08322811
71222.71,27222.068,9.0834675,113.2214,1759.4862,-0.03948281,0.08022748
71222.71,27221.545,6.6055574,93.753204,1713.3514,3.1683433,0.07045687
71222.71,27221.068,6.8795867,95.4199,1701.7567,2.1393921,0.07209803
71222.71,27220.545,9.4646635,77.50657,889.9429,-0.23427267,0.12211434
71222.71,27220.068,8.552058,81.39902,1066.284,-0.27920052,0.10506341
71222.71,27219.068,14.013006,85.63942,715.6056,-0.20536217,0.163628
71222.71,27218.545,7.8462205,106.287834,1810.2654,-0.006766359,0.073820494
71222.71,27218.068,6.137347,82.62007,1480.8567,2.3680687,0.07428397
71222.71,27217.545,7.3124366,79.717316,1190.9789,0.2947944,0.09172959
71222.71,27217.068,6.49394,62.91469,891.5218,0.04462983,0.10321818
71222.71,27216.545,1.7514532,31.502739,846.2584,6.6000123,0.055596855
71222.71,27216.068,10.756906,100.0114,1216.7924,-0.096052274,0.1075568
71222.71,27215.545,6.9102645,102.61901,1913.6536,-0.04470364,0.067339025
71222.71,27215.068,3.435107,68.832664,1776.7621,2.2900326,0.04990519
71222.71,27214.545,7.1124845,86.748,1408.0533,1.4338245,0.08199018
71222.71,27214.068,8.264154,70.32389,858.4837,-0.18786067,0.1175156
71222.71,27213.545,2.694092,39.18482,869.71155,2.6712072,0.068753466
71222.71,27212.545,9.775338,91.70082,1150.3829,-0.5334434,0.10660034
71222.234,27212.545,5.508939,59.576508,835.11273,-0.04475954,0.09246831
71222.234,27213.068,6.926972,69.87641,902.74554,2.931506,0.09913176
71222.234,27213.545,8.780477,104.70684,1553.9834,0.9852084,0.083857715
71222.234,27214.068,7.256379,73.7909,958.3311,-0.22013447,0.09833705
71222.234,27214.545,8.262158,82.18121,1034.8049,-0.4904848,0.100535855
71222.234,27215.068,4.38367,48.81017,709.7607,0.013633466,0.08981059
71222.234,27215.545,9.959949,159.27599,2994.6282,0.82886714,0.06253264
71222.234,27216.068,1.6552358,34.65031,9228.236,19.477325,0.047769725
71222.234,27216.545,4.985939,59.60186,937.87805,0.867747,0.08365408
71222.234,27217.068,7.7598743,98.290855,1573.5254,3.9285233,0.07894808
71222.234,27217.545,8.3699045,84.519714,1078.3462,-0.31469077,0.09902902
71222.234,27218.068,6.4964113,61.587322,749.876,0.045383025,0.10548293
71222.234,27218.545,7.6857753,104.55047,1796.6683,6.070185,0.073512584
71222.234,27219.068,1.7515113,18.289598,220.06514,23.327026,0.095765434
71222.234,27219.545,1.6572257,27.439934,3471.0605,34.962997,0.06039467
71222.234,27220.068,6.4273195,67.036995,899.11444,14.518362,0.0958772
71222.234,27220.545,7.5558395,83.16271,1163.7949,-0.3137199,0.0908561
71222.234,27221.068,8.249339,78.08083,938.38184,-0.30977044,0.10565127
71222.234,27222.068,7.2832704,120.6352,2534.37,1.2852513,0.06037434
71222.234,27222.545,2.5464647,37.764534,878.14435,-0.07045284,0.06743006
71222.234,27223.068,10.784469,105.66235,1274.7432,0.8621611,0.102065384
71222.234,27223.545,7.723724,93.7873,1441.7369,4.7318506,0.08235362
71222.234,27224.068,9.707239,84.50667,929.1315,-0.17747998,0.114869505
71222.234,27224.545,3.5524971,43.399452,711.03265,0.02577967,0.081855804
71222.234,27225.07,5.9209976,107.644745,2608.5198,4.750208,0.055004984
71222.234,27225.545,5.961918,58.31761,734.09467,2.6533144,0.10223186
71222.234,27226.07,3.5508215,59.755905,1508.0475,6.2445836,0.0594221
71222.234,27226.545,6.2256823,65.65106,891.8632,-0.12974447,0.09482988
71222.234,27227.07,10.196421,86.84041,932.47833,-0.49204263,0.11741562
71221.71,27227.07,6.1941276,52.094494,581.1925,-0.6409703,0.118901774
71221.71,27226.545,8.445642,70.10469,738.13104,-0.4311942,0.12047186
71221.71,27226.07,5.797284,70.11627,1073.2991,0.48499435,0.08268101
71221.71,27225.545,2.4675164,24.220884,350.329,0.9271056,0.10187557
71221.71,27225.07,10.221184,86.40568,895.67377,-0.061862398,0.118292965
71221.71,27224.545,7.25929,112.993904,2013.5884,0.46879116,0.06424497
71221.71,27224.068,8.250186,102.620186,1514.3978,1.678709,0.08039535
71221.71,27223.545,8.976439,74.30761,772.8675,0.041763984,0.12080108
71221.71,27223.068,11.003868,110.04972,1294.4504,0.94279724,0.099989966
71221.71,27222.068,0.79163235,48.59908,2088.4253,-0.3683756,0.01628904
71221.71,27221.545,0.042667184,45.96856,2864.334,2.7021646,0.00092818186
71221.71,27221.068,7.5230365,109.699905,1852.9417,1.9248381,0.06857833
71221.71,27220.545,8.348163,81.89432,998.90814,-0.044130757,0.10193824
71221.71,27220.068,11.418941,95.648056,963.73444,-0.20951124,0.119384974
71221.71,27218.545,9.783354,90.98218,1031.7644,0.018237215,0.107530445
71221.71,27218.068,2.43005,66.43234,1949.3667,2.5942628,0.03657932
71221.71,27217.545,7.282476,91.585846,1393.8242,1.0271025,0.0795153
71221.71,27217.068,9.10817,76.754265,809.2709,-0.39359823,0.11866663
71221.71,27216.545,3.6835198,33.252113,424.39206,12.289611,0.11077551
71221.71,27216.068,1.3532885,36.60827,1061.0851,0.43933088,0.036966745
71221.71,27215.545,10.423666,93.74931,1021.46564,-0.28430519,0.11118659
71221.71,27215.068,8.120472,116.87173,1927.0266,0.5436636,0.06948192
71221.71,27214.545,7.369946,95.70334,1489.2354,2.1335182,0.07700824
71221.71,27214.068,7.8948836,76.55109,933.3946,-0.1252333,0.103132226
71221.71,27213.545,6.159658,77.17116,1203.1715,0.26765323,0.07981814
71221.71,27213.068,0.8616621,28.11328,880.3743,3.9727764,0.030649647
71221.71,27212.545,1.6243709,49.462345,1545.6232,-0.5143085,0.032840557
71221.234,27212.545,5.1038136,56.221107,788.25116,-0.17080608,0.09078109
71221.234,27213.068,9.784658,92.63597,1086.3899,1.0432663,0.105624825
71221.234,27213.545,7.3067064,72.061104,896.0776,13.428551,0.10139598
71221.234,27214.068,7.1179404,71.787605,913.1504,-0.22454934,0.09915277
71221.234,27214.545,6.808521,70.1435,912.67004,-0.30209205,0.0970656
71221.234,27215.068,10.15932,144.3971,2407.7517,0.3339667,0.070356816
71221.234,27215.545,7.985441,123.60142,2338.9817,5.3047876,0.06460639
71221.234,27216.068,4.469558,59.033543,1017.5831,2.7707307,0.075712174
71221.234,27216.545,8.266104,103.829865,1607.9169,1.4456984,0.07961201
71221.234,27217.068,1.9783725,28.616287,605.46783,2.3919613,0.06913449
71221.234,27217.545,8.505834,81.15926,969.8926,-0.38604677,0.104804225
71221.234,27218.068,5.7625217,60.09414,794.9276,-0.07901987,0.09589158
71221.234,27218.545,3.8988967,77.90549,2234.5535,6.0082192,0.050046496
71221.234,27219.068,1.7553077,55.351997,6333.4565,3.9300113,0.03171173
71221.234,27219.545,2.7700436,51.679276,1498.981,0.39840576,0.053600665
71221.234,27220.068,8.78144,103.11104,1487.6277,0.5932898,0.08516488
71221.234,27220.545,8.287766,84.89258,1085.3644,-0.30647886,0.097626515
71221.234,27221.068,6.0753684,60.918503,773.9875,-0.24073124,0.09972944
71221.234,27221.545,9.30402,142.89609,2598.4973,0.55291545,0.06511039
71221.234,27222.068,5.9655833,104.11609,2344.6523,7.5359993,0.05729742
71221.234,27222.545,1.751002,23.130003,437.12048,1.8469195,0.07570262
71221.234,27223.068,5.16031,94.691055,2313.8838,2.9018493,0.054496273
71221.234,27223.545,8.59584,91.50798,1208.6791,-0.48101118,0.093935415
71221.234,27224.068,7.724556,72.802505,865.1204,-0.27010944,0.106102884
71221.234,27224.545,2.4076126,31.901516,557.63586,0.05023784,0.075470164
71221.234,27225.07,7.1985717,92.85867,1501.5675,8.18658,0.0775218
71221.234,27225.545,7.4163656,85.21306,1226.8201,2.9444575,0.087033205
71221.234,27226.07,8.068843,87.91126,1193.7562,0.7019946,0.09178395
71221.234,27226.545,8.432254,77.45936,894.7019,-0.28497934,0.108860366
71221.234,27227.07,9.314573,82.37737,913.51904,-0.13017395,0.113071986
71220.71,27227.07,6.401096,50.96317,565.47614,-0.76096386,0.1256024
71220.71,27226.545,9.944746,83.6945,897.2067,-0.37789226,0.11882197
71220.71,27226.07,7.4964323,70.294815,870.41986,-0.058129184,0.106642745
71220.71,27225.07,10.014874,86.81989,952.6108,-0.13782129,0.1153523
71220.71,27224.545,8.071497,110.553764,1801.1921,0.34606233,0.0730097
71220.71,27223.545,7.949538,68.8871,790.3205,-0.65626025,0.11539952
71220.71,27223.068,12.853761,103.70174,1016.8526,-0.6188547,0.12394933
71220.71,27222.545,1.3372768,26.30286,684.4829,1.0240749,0.0508415
71220.71,27222.068,12.107945,105.14678,1109.6378,0.08469903,0.11515279
71220.71,27221.545,9.431991,123.26095,1876.4005,0.0029760057,0.07652051
71220.71,27221.068,7.1224623,106.36775,1890.6708,1.9414858,0.06696073
71220.71,27220.545,7.2719107,85.41701,1268.9558,0.9126759,0.08513422
71220.71,27220.068,8.380406,70.684456,784.79443,-0.235688,0.11856081
71220.71,27219.545,5.480507,81.387,1510.4742,-0.31868818,0.06733885
71220.71,27218.068,7.763322,98.412094,1527.8488,1.0140462,0.07888585
71220.71,27217.545,7.514076,91.86216,1397.3888,1.6947135,0.081797294
71220.71,27217.068,8.53034,69.91222,754.8778,-0.28912443,0.122015014
71220.71,27216.545,6.325965,87.761765,1513.0574,-0.19764698,0.072081104
71220.71,27216.068,4.566292,40.299583,519.108,0.6996021,0.11330866
71220.71,27215.545,15.705925,87.69632,591.57355,-0.45946577,0.17909446
71220.71,27215.068,1.1673847,54.866146,2280.5168,1.6469775,0.021276958
71220.71,27214.545,6.836546,90.96106,1499.691,3.6735752,0.07515904
71220.71,27214.068,7.37626,80.32457,1123.2295,0.8738995,0.09183068
71220.71,27213.545,8.156797,83.692604,1095.868,-0.6989512,0.09746139
71220.71,27213.068,4.1683393,46.5321,732.2356,1.0391653,0.089579865
71220.71,27212.545,5.196307,71.28895,1260.5759,0.040357947,0.07289078
71220.234,27212.545,7.4995284,87.76044,1331.7089,-0.29654193,0.085454546
71220.234,27213.068,6.5550756,79.50111,1269.986,5.2033424,0.08245263
71220.234,27213.545,9.215017,104.51649,1493.8994,0.044661682,0.08816808
71220.234,27214.068,8.469142,78.5109,955.49304,-0.38524294,0.10787218
71220.234,27214.545,5.9226575,58.990982,793.24365,0.025456453,0.10039937
71220.234,27215.068,8.856918,140.78998,2699.2478,0.34352398,0.062908724
71220.234,27215.545,6.744835,103.650856,2050.6218,8.032943,0.06507264
71220.234,27216.068,4.9975615,57.284134,893.2444,0.8686756,0.087241635
71220.234,27216.545,9.604422,121.78875,1898.4,1.9753138,0.07886132
71220.234,27217.068,5.933153,71.01226,1134.468,-0.37804487,0.08355111
71220.234,27217.545,7.3309,70.03043,889.0784,-0.053833827,0.10468163
71220.234,27218.068,3.5567026,41.85386,687.7468,-0.099122174,0.08497909
71220.234,27218.545,1.5078967,20.755844,482.6356,2.0508292,0.072649255
71220.234,27219.068,3.4826157,42.049896,711.4911,1.377095,0.08282103
71220.234,27219.545,5.5087123,89.71961,1949.5975,1.2653561,0.0613992
71220.234,27220.068,8.422984,81.60901,1032.2488,-0.16064571,0.10321145
71220.234,27220.545,7.443018,74.82293,992.0738,-0.4149042,0.09947509
71220.234,27221.068,3.9920166,46.181705,739.675,0.3101579,0.08644152
71220.234,27221.545,5.5770197,106.31709,2675.165,2.1563408,0.052456472
71220.234,27222.068,2.9339235,91.380486,4640.5425,3.2485216,0.032106675
71220.234,27222.545,5.9237695,65.14687,960.7454,0.92821,0.09092945
71220.234,27223.068,6.884613,62.661846,767.14197,10.865894,0.1098693
71220.234,27223.545,9.787399,83.200836,924.83075,-0.51384205,0.11763583
71220.234,27224.068,5.9750147,57.812325,756.50275,0.0022589387,0.10335192
71220.234,27224.545,7.937596,111.77313,1980.4536,0.5555559,0.07101524
71220.234,27225.07,12.198459,164.95842,2558.362,2.982743,0.07394869
71220.234,27226.07,7.9330435,73.8495,908.88873,-0.2094882,0.107421756
71220.234,27226.545,8.846901,77.00449,883.9485,-0.38278884,0.11488811
71220.234,27227.07,6.2317276,56.778217,701.6114,-0.20759064,0.109755605
71219.71,27227.07,2.7939727,28.101875,355.62042,0.16711098,0.099423
71219.71,27226.545,11.324288,108.61226,1193.3054,-0.37830207,0.10426345
71219.71,27226.07,10.966457,91.877914,898.7307,-0.6014701,0.11935902
71219.71,27225.07,6.527378,74.36154,1021.9656,-0.17780128,0.08777895
71219.71,27224.545,10.089245,109.09033,1352.4794,0.0421768,0.092485234
71219.71,27224.068,7.2640853,97.05332,1505.1807,2.042471,0.074846335
71219.71,27223.545,7.2517962,83.62163,1147.7786,0.76847774,0.08672154
71219.71,27223.068,9.389924,75.4011,721.2337,-0.59165263,0.12453298
71219.71,27222.545,2.4218976,57.567684,1501.0579,5.366304,0.042070437
71219.71,27222.068,3.344899,58.35098,1197.8735,-0.24255571,0.057323784
71219.71,27221.545,10.829372,99.50503,1060.5703,-0.3799174,0.10883241
71219.71,27221.068,8.709111,119.86716,1849.8025,0.3938962,0.072656356
71219.71,27220.068,7.3954988,69.32567,788.52094,-0.058134682,0.106677644
71219.71,27219.545,7.017055,75.32756,975.0635,-0.3590264,0.09315389
71219.71,27218.545,5.942381,67.315636,928.88513,0.079518355,0.088276386
71219.71,27218.068,8.878066,119.15495,1797.0951,0.3219482,0.07450858
71219.71,27217.545,6.835424,95.79383,1556.5596,2.8604157,0.071355574
71219.71,27217.068,8.166575,76.398056,858.5807,0.045325086,0.10689507
71219.71,27216.545,7.529877,72.05438,834.06036,-0.12560631,0.10450269
71219.71,27216.068,4.381189,55.97266,877.5492,0.4706718,0.07827373
71219.71,27215.545,6.6629915,86.20834,1316.9497,0.03499156,0.0772894
71219.71,27215.068,4.453474,92.449005,2134.7583,0.30120417,0.048172224
71219.71,27214.545,6.8654685,99.84306,1669.8153,2.0858164,0.0687626
71219.71,27214.068,6.1339755,86.31102,1425.9879,1.1186782,0.07106828
71219.71,27213.545,7.781467,67.633026,712.0361,-0.29356724,0.11505425
71219.71,27213.068,9.137887,95.35276,1164.9204,0.24599071,0.09583243
71219.71,27212.545,0.053153425,6.9589686,189.54594,1.5857301,0.007638118
71219.234,27212.545,4.5230155,47.756817,706.65546,0.18230145,0.094709314
71219.234,27213.068,6.980037,78.51937,1184.9119,6.9750633,0.08889574
71219.234,27213.545,2.7311323,46.330673,1357.2441,1.1075596,0.058948684
71219.234,27214.068,9.058311,83.62668,1029.2285,-0.17503212,0.10831844
71219.234,27214.545,4.46353,51.41223,831.6382,0.21878858,0.08681845
71219.234,27215.068,8.254352,152.32799,3473.0974,1.3586047,0.054188017
71219.234,27215.545,8.068745,140.92235,3084.6057,3.4445398,0.057256673
71219.234,27216.068,7.3250585,74.810616,1029.1431,0.6544715,0.097914696
71219.234,27216.545,6.5348086,106.448364,2308.4521,0.99556893,0.06138947
71219.234,27217.068,1.7009559,33.809765,4898.1704,17.762976,0.050309602
71219.234,27217.545,7.331931,70.02504,909.0226,-0.012728253,0.10470442
71219.234,27218.068,6.6600556,117.403915,2731.1702,1.3529881,0.056727715
71219.234,27218.545,2.9484334,62.543564,2402.0417,5.6746087,0.047142074
71219.234,27219.068,3.2481747,31.97867,447.89206,1.8575536,0.10157316
71219.234,27219.545,2.1208007,32.18799,939.97565,3.719404,0.06588796
71219.234,27220.068,11.658025,100.24247,1124.197,-0.3517093,0.11629826
71219.234,27220.545,7.639178,73.30707,951.18195,-0.103073604,0.10420793
71219.234,27221.068,2.8635547,34.699654,618.36993,0.004663955,0.08252402
71219.234,27221.545,7.205785,102.33135,1908.4362,8.0672,0.0704162
71219.234,27222.545,6.6006765,98.63219,1964.606,1.1963644,0.066922136
71219.234,27223.068,1.7661269,23.58529,800.25793,12.850376,0.07488256
71219.234,27223.545,11.288749,94.39227,1041.8821,-0.45572004,0.11959399
71219.234,27224.068,4.8565583,53.171055,811.34247,-0.22474878,0.09133839
71219.234,27225.07,1.7168725,38.46558,6599.4854,14.002714,0.044633992
71219.234,27225.545,2.1005769,23.783129,402.72284,3.3615837,0.08832214
71219.234,27226.07,7.7355385,80.74664,1124.7482,-0.060852677,0.095800124
71219.234,27226.545,8.296905,79.76568,1026.4961,-0.025414435,0.10401597
71219.234,27227.07,2.4199533,30.594707,595.4303,0.25978652,0.07909712
71218.71,27227.07,0.41190514,10.466547,407.457,0.702516,0.039354444
71218.71,27226.545,5.4726977,81.12206,1540.264,-0.26112723,0.067462504
71218.71,27226.07,11.233707,92.952354,926.8494,-0.29251927,0.12085447
71218.71,27225.545,0.31139538,21.705719,1225.8407,2.6967578,0.014346236
71218.71,27225.07,2.4435656,40.990063,976.1148,0.25891668,0.05961361
71218.71,27224.545,10.311857,95.82769,1082.2266,-0.013644225,0.107608326
71218.71,27224.068,7.935613,96.48556,1450.0066,1.9567729,0.08224664
71218.71,27223.545,8.079089,85.9504,1148.3337,0.5436764,0.093997106
71218.71,27223.068,6.6483884,59.837708,707.02216,-0.25973278,0.11110701
71218.71,27222.545,0.60739714,18.593935,744.7936,1.0176635,0.03266641
71218.71,27222.068,1.7648782,25.638927,576.5338,1.116132,0.068835884
71218.71,27221.545,1.3274425,36.524837,1310.8734,1.6171476,0.036343556
71218.71,27221.068,9.412253,113.95217,1645.225,0.13044861,0.082598284
71218.71,27220.068,8.950605,79.00445,872.6412,-0.2734742,0.113292426
71218.71,27219.545,0.5907002,29.978893,1539.6713,1.0655318,0.01970387
71218.71,27219.068,3.1552334,28.348812,375.10098,2.6552389,0.11130037
71218.71,27218.545,13.548072,106.32837,972.96,-0.45415637,0.12741728
71218.71,27218.068,10.933679,130.81528,1805.7666,-0.026946537,0.08358105
71218.71,27217.545,8.318655,98.27989,1428.1943,2.939697,0.08464249
71218.71,27217.068,8.738075,84.319984,1016.9958,0.22696519,0.10362995
71218.71,27216.545,8.588171,73.84363,800.6012,-0.18653443,0.116302125
71218.71,27216.068,2.6341794,26.775822,414.2297,6.547694,0.09837903
71218.71,27215.545,5.8453293,68.07253,1044.3531,-0.14172675,0.08586913
71218.71,27215.068,7.743425,92.125244,1366.3322,0.3265618,0.08405323
71218.71,27214.545,6.0344973,86.52472,1570.6139,2.0120502,0.069743045
71218.71,27214.068,5.823083,83.463196,1524.8636,1.9043694,0.06976827
71218.71,27213.545,7.471604,61.590393,653.7997,0.05114444,0.12131119
71218.71,27213.068,4.8528786,75.179375,1510.7671,1.4891452,0.06455066
71218.71,27212.545,1.080843,14.341742,334.30222,1.1573566,0.07536344
71218.234,27212.545,3.5227425,42.73395,704.86084,0.11375769,0.08243428
71218.234,27213.068,6.6769505,76.48535,1149.0363,8.79843,0.08729711
71218.234,27213.545,7.255784,74.510445,1015.36487,0.033067055,0.09737942
71218.234,27214.068,8.732063,80.513664,987.5648,-0.3924055,0.10845443
71218.234,27214.545,3.1872923,40.71802,705.91504,0.46773806,0.07827719
71218.234,27215.068,7.1023183,106.70619,1998.9784,11.265267,0.06655957
71218.234,27215.545,0.9182155,16.593138,540.3911,16.652662,0.055337064
71218.234,27216.068,6.473477,85.51123,1454.1517,0.5649736,0.07570323
71218.234,27216.545,10.951156,118.60598,1584.9434,0.1833962,0.09233224
71218.234,27217.068,10.046261,86.573074,990.8453,-0.37288547,0.11604371
71218.234,27217.545,5.807801,62.60317,906.8568,-0.30715507,0.09277167
71218.234,27218.545,6.558548,90.213234,1585.7623,7.108126,0.07270051
71218.234,27219.068,4.5953507,53.787777,849.4097,0.36736113,0.085434854
71218.234,27219.545,7.8913813,118.93998,2193.1763,3.249685,0.06634759
71218.234,27220.068,11.491412,94.468636,1023.68774,-0.27112484,0.12164262
71218.234,27220.545,6.059341,67.109795,990.20935,-0.146611,0.090289965
71218.234,27221.068,1.6286948,22.312723,409.26706,0.0030729005,0.072993994
71218.234,27221.545,5.159857,81.30672,1662.682,7.8564463,0.06346163
71218.234,27222.068,1.1671878,17.41252,345.3163,1.6358941,0.06703153
71218.234,27222.545,5.340589,72.94413,1305.0084,0.41104984,0.07321479
71218.234,27223.068,6.7018332,72.44857,1037.5708,-0.39251858,0.0925047
71218.234,27223.545,10.103343,87.39457,1002.094,-0.34474316,0.11560608
71218.234,27224.068,4.213521,47.82801,739.24146,0.066805474,0.08809735
71218.234,27224.545,7.3246036,106.85602,1942.7821,8.821992,0.068546474
71218.234,27225.07,0.90318817,30.107962,5233.357,16.051006,0.029998317
71218.234,27225.545,7.665854,95.18997,1502.4121,1.0617603,0.080532156
71218.234,27226.07,6.5047984,69.46923,988.2234,-0.1807111,0.09363568
71218.234,27226.545,9.38972,83.10674,979.3306,-0.40961847,0.11298385
71218.234,27227.07,3.3786123,44.75516,801.636,0.1858665,0.07549101
71217.71,27227.07,2.502949,26.598911,397.9951,-0.3314484,0.09409968
71217.71,27226.545,8.678821,102.64572,1428.7749,-0.093311384,0.084551215
71217.71,27226.07,7.864738,71.33906,816.5301,-0.54728544,0.11024449
71217.71,27225.545,8.436362,94.07603,1258.2076,1.0711037,0.08967601
71217.71,27225.07,0.022923304,1.6796536,67.18764,1.978729,0.013647637
71217.71,27224.545,9.805572,90.247635,1008.55054,-0.1740361,0.10865184
71217.71,27224.068,7.42433,99.30446,1556.5586,1.5009214,0.07476331
71217.71,27223.545,6.786819,86.817444,1335.4321,1.2425241,0.07817345
71217.71,27223.068,7.0526166,64.09408,746.69806,-0.25793105,0.11003538
71217.71,27222.545,4.987425,78.52242,1464.6473,3.7999585,0.06351593
71217.71,27222.068,0.8510223,20.795551,529.78345,0.852647,0.040923286
71217.71,27221.545,11.06771,89.79818,882.8208,-0.10288327,0.12325094
71217.71,27221.068,8.360865,121.24955,1972.4023,0.03786048,0.06895584
71217.71,27220.545,7.0574527,96.79413,1558.1705,2.5911727,0.07291199
71217.71,27220.068,7.4726434,82.78247,1123.8081,0.61481047,0.090268426
71217.71,27219.545,9.7860985,85.02787,905.7473,-0.4357968,0.11509284
71217.71,27219.068,4.5427685,41.343025,510.58517,1.145035,0.109879926
71217.71,27218.545,10.794132,94.25706,990.98596,-0.3001303,0.114518024
71217.71,27217.068,6.4172673,71.14671,988.6411,0.28177834,0.09019767
71217.71,27216.545,6.37911,63.903595,819.22595,-0.2852009,0.09982396
71217.71,27216.068,3.632002,62.854324,1290.6339,4.087128,0.05778444
71217.71,27215.545,4.5544515,59.69889,984.45715,-0.016544772,0.076290384
71217.71,27215.068,4.0037313,67.05252,1335.4415,0.18025658,0.059710376
71217.71,27214.545,1.0978314,43.318176,1435.1912,3.2705562,0.025343435
71217.71,27214.068,2.0096698,53.010918,1454.6113,2.5420537,0.037910488
71217.71,27213.545,5.4159765,49.930847,610.1503,-0.048366282,0.10846955
71217.71,27213.068,6.0830727,74.624115,1129.8402,-0.033719506,0.08151618
71217.234,27212.545,5.7943835,58.836548,781.63025,1.1187292,0.09848273
71217.234,27213.068,7.8584967,73.723495,877.7721,15.508906,0.1065942
71217.234,27213.545,5.6322365,69.21033,1201.6775,0.43058416,0.08137856
71217.234,27214.068,9.908173,85.72266,924.77277,-0.05934683,0.11558406
71217.234,27214.545,9.556121,158.09175,3318.442,0.62268573,0.060446676
71217.234,27215.068,6.288321,101.8611,2444.8447,4.7833114,0.061734274
71217.234,27215.545,4.252336,35.806538,356.5605,0.060958523,0.11875865
71217.234,27216.068,3.471797,35.599743,510.3317,7.5223966,0.09752309
71217.234,27216.545,9.932767,111.00046,1559.1599,0.9351597,0.08948402
71217.234,27217.068,9.671636,89.33944,1032.8654,-0.123802654,0.10825718
71217.234,27217.545,7.0965905,66.15853,784.2902,-0.029354954,0.10726645
71217.234,27218.068,4.0232053,74.482635,2967.1936,2.9200819,0.054015346
71217.234,27218.545,4.889425,87.467186,2736.5266,4.0714025,0.055900104
71217.234,27219.545,3.1786735,32.04975,466.58603,1.5866597,0.09917935
71217.234,27220.068,2.9973805,37.986725,1449.3665,4.607631,0.078906
71217.234,27220.545,8.945246,80.16903,902.2945,-0.081778765,0.11157982
71217.234,27221.068,13.52025,166.24368,2388.2805,0.2653775,0.08132791
71217.234,27221.545,8.982679,134.00336,2594.0027,3.942415,0.06703324
71217.234,27222.068,4.920267,56.6783,921.33246,2.7644408,0.086810425
71217.234,27222.545,3.1717513,42.467762,1432.3102,4.197156,0.074686095
71217.234,27223.068,4.036062,53.920147,1225.173,0.5389807,0.07485257
71217.234,27223.545,10.153995,89.33672,978.77924,-0.46186978,0.11365981
71217.234,27224.068,5.2120657,51.513973,660.847,0.3434496,0.10117771
71217.234,27224.545,13.471301,164.98935,2364.4983,0.083666734,0.08164952
71217.234,27225.07,4.1780663,44.693607,662.92255,0.5263919,0.09348241
71217.234,27225.545,5.31316,88.38613,2377.3145,1.5352577,0.06011305
71217.234,27226.07,8.798796,82.05943,964.90924,-0.19565693,0.10722467
71217.234,27226.545,5.392312,62.774166,1018.5197,-0.6276588,0.08590018
71217.234,27227.07,5.6318655,58.034893,787.8679,-0.541768,0.09704275
71216.71,27227.07,1.7969677,20.24468,364.77997,-0.108567,0.08876246
71216.71,27226.545,10.0289545,107.40499,1371.0149,-0.068500146,0.093375124
71216.71,27226.07,9.415522,79.42576,853.94885,-0.46949837,0.118544936
71216.71,27225.545,6.0953956,70.8792,1058.4243,0.9790269,0.085996956
71216.71,27224.545,8.951426,74.45044,799.2137,-0.12887701,0.12023335
71216.71,27224.068,3.9388561,75.16308,1661.717,2.2971885,0.052404135
71216.71,27223.545,4.442465,74.119965,1483.6926,1.4208344,0.059936143
71216.71,27223.068,2.882234,41.710724,804.08887,-0.114464074,0.06910055
71216.71,27222.545,4.3576403,66.00617,1243.889,0.8441283,0.06601868
71216.71,27221.545,12.209564,83.280624,707.0222,-0.21925852,0.1466075
71216.71,27221.068,9.677061,125.54568,1850.9614,0.05906172,0.077080004
71216.71,27220.545,6.9239583,104.04731,1815.6713,1.5339411,0.06654625
71216.71,27220.068,6.4265,75.99442,1138.0331,0.6843532,0.084565416
71216.71,27219.545,7.7403064,63.99774,703.22095,-0.26413193,0.12094656
71216.71,27219.068,1.7695584,52.1821,1538.2911,1.9063807,0.033911217
71216.71,27218.545,2.48552,47.507553,1093.6069,0.067024976,0.052318417
71216.71,27218.068,9.364734,91.88421,1114.5801,-0.21044435,0.10191886
71216.71,27217.545,1.1932838,52.09793,1836.1719,2.2963696,0.022904629
71216.71,27217.068,1.1754401,52.769073,1883.1091,2.3455386,0.02227517
71216.71,27216.545,7.3748364,57.146233,599.7884,-0.24649207,0.12905201
71216.71,27216.068,6.807653,77.91284,1127.9233,-0.028074589,0.08737524
71216.71,27215.545,0.5196638,14.900625,439.44928,0.7864128,0.034875304
71216.71,27214.545,7.5575805,114.755806,1983.4546,-0.04670166,0.06585793
71216.71,27214.068,6.712378,92.19545,1521.919,4.389137,0.072805956
71216.71,27213.545,6.9873137,64.807175,796.8309,-0.056925386,0.10781698
71216.71,27213.068,7.5731187,73.49937,922.1516,-0.30490148,0.103036515
71216.234,27212.545,2.2879405,42.41468,1330.208,1.438228,0.053942185
71216.234,27213.068,7.940269,82.246735,1093.7639,-0.045272075,0.09654206
71216.234,27213.545,9.578467,87.863716,1036.1082,-0.45485035,0.10901505
71216.234,27214.068,7.156024,69.509735,881.28235,0.010817616,0.102949955
71216.234,27214.545,3.5652227,74.64148,2331.6313,7.1210375,0.047764633
71216.234,27215.068,8.309586,139.71855,2846.464,2.6276019,0.059473746
71216.234,27215.545,2.8691566,31.059359,431.17014,0.5584675,0.09237656
71216.234,27216.068,1.9168526,28.975065,680.19495,7.298879,0.06615525
71216.234,27216.545,12.554144,115.543846,1317.127,-0.07568939,0.10865264
71216.234,27217.068,9.566268,86.17339,1001.68427,-0.3684993,0.111011855
71216.234,27217.545,4.9087806,53.12354,753.28046,0.18768805,0.092403114
71216.234,27218.068,4.9648995,98.61614,2655.9365,5.404952,0.050345708
71216.234,27218.545,8.94452,168.79584,3721.2837,3.134214,0.05299017
71216.234,27219.068,8.094156,111.26662,1902.9696,2.1898935,0.0727456
71216.234,27219.545,13.287407,123.4138,1403.1405,-0.3245539,0.10766549
71216.234,27220.068,9.643687,88.03277,1033.2991,-0.48196304,0.109546565
71216.234,27220.545,6.1737638,64.126976,869.51013,0.15387627,0.09627405
71216.234,27221.068,9.212476,137.74603,2475.622,0.4719506,0.06688015
71216.234,27221.545,6.9513288,119.40584,2581.8767,6.0304446,0.058215987
71216.234,27222.068,2.7284663,32.054745,485.02103,-0.0004955926,0.08511895
71216.234,27222.545,2.248799,33.291172,708.6216,2.748898,0.067549415
71216.234,27223.068,7.644732,75.218025,959.81903,-0.11903265,0.10163431
71216.234,27223.545,8.472391,78.87771,952.84625,-0.3029753,0.10741173
71216.234,27224.068,1.5616763,20.450596,401.87503,21.984253,0.07636336
71216.234,27224.545,7.25626,98.38604,1689.1919,5.305487,0.07375294
71216.234,27225.07,1.5940309,19.759266,308.2592,36.14823,0.08067258
71216.234,27225.545,6.0844455,73.07454,1137.5193,12.734369,0.083263546
71216.234,27226.07,8.615399,79.32374,948.16095,-0.22857736,0.10861061
71216.234,27226.545,2.5363255,36.638714,741.2955,2.042238,0.06922529
71216.234,27227.07,2.4090152,27.658371,401.73676,0.64058393,0.087098956
71215.71,27227.07,2.9201777,26.267897,342.9496,0.11902988,0.11116907
71215.71,27226.545,17.207663,145.66588,1376.5369,0.014526342,0.11813105
71215.71,27226.07,16.655394,137.14273,1277.651,-0.55332017,0.12144569
71215.71,27225.545,10.632386,99.57282,1135.5044,-0.5416172,0.10678
71215.71,27225.07,4.288747,54.122425,915.1445,0.7007274,0.07924159
71215.71,27224.545,5.6441107,63.157055,929.7127,0.10690246,0.08936627
71215.71,27224.068,11.317671,122.44702,1551.8119,0.17411028,0.092429124
71215.71,27223.545,8.482597,118.45375,1948.8436,0.6847046,0.07161105
71215.71,27223.068,8.919236,87.58035,1073.3105,-0.21186909,0.10184061
71215.71,27222.545,13.752605,114.61419,1125.3405,-0.354315,0.11999042
71215.71,27222.068,3.7188952,41.174088,632.9612,2.5697546,0.09032125
71215.71,27221.545,12.496661,110.05128,1154.4556,-0.22095414,0.11355308
71215.71,27221.068,1.1588421,55.340992,2705.9436,1.8325951,0.020940032
71215.71,27220.545,0.31401253,38.76951,2737.6436,2.1066759,0.008099471
71215.71,27220.068,8.42125,108.15559,1669.8252,0.7414494,0.07786237
71215.71,27219.545,0.70454097,30.407434,1329.0214,0.33527574,0.023170024
71215.71,27219.068,6.2116203,67.06386,944.28546,0.20396087,0.092622474
71215.71,27218.545,1.1380763,26.177855,776.998,1.4783465,0.043474775
71215.71,27218.068,13.63956,103.67493,941.4731,-0.15079902,0.13156083
71215.71,27217.545,9.004569,126.640656,2068.0237,-0.26963603,0.071103305
71215.71,27217.068,7.358248,103.77227,1769.7667,2.0615058,0.07090765
71215.71,27216.545,8.913643,75.52499,812.6255,-0.351227,0.118022434
71215.71,27216.068,9.153742,84.63283,980.21515,-0.2091064,0.10815829
71215.71,27214.068,3.9488928,112.57316,3613.0476,3.0547647,0.03507846
71215.71,27213.545,9.683048,90.24253,1042.3813,-0.2314914,0.107300274
71215.71,27213.068,3.13386,51.54775,1121.2871,1.1469102,0.060795285
71215.71,27212.545,1.2721094,18.255041,388.19586,2.9627738,0.06968538
